﻿<?xml version="1.0" encoding="utf-8"?>
<deployment>
  <id>1f08eabe-1706-4740-9de5-5a10dacfe700</id>
  <author>N/A</author>
  <deployer>Push-Deployer</deployer>
  <authorEmail>N/A</authorEmail>
  <message>Created via a push deployment</message>
  <progress></progress>
  <status>Success</status>
  <statusText></statusText>
  <lastSuccessEndTime>2025-11-25T18:45:39.9438357Z</lastSuccessEndTime>
  <receivedTime>2025-11-25T18:43:22.0517554Z</receivedTime>
  <startTime>2025-11-25T18:43:23.5308659Z</startTime>
  <endTime>2025-11-25T18:45:39.9438357Z</endTime>
  <complete>True</complete>
  <is_temp>False</is_temp>
  <is_readonly>True</is_readonly>
  <buildSummary />
</deployment>