﻿<?xml version="1.0" encoding="utf-8"?>
<deployment>
  <id>11f9699f-f4b5-4c8e-8612-1a042ecac305</id>
  <author>N/A</author>
  <deployer>Push-Deployer</deployer>
  <authorEmail>N/A</authorEmail>
  <message>Created via a push deployment</message>
  <progress></progress>
  <status>Success</status>
  <statusText></statusText>
  <lastSuccessEndTime>2025-11-25T18:29:07.1117071Z</lastSuccessEndTime>
  <receivedTime>2025-11-25T18:26:34.5417177Z</receivedTime>
  <startTime>2025-11-25T18:26:35.8984932Z</startTime>
  <endTime>2025-11-25T18:29:07.1117071Z</endTime>
  <complete>True</complete>
  <is_temp>False</is_temp>
  <is_readonly>True</is_readonly>
  <buildSummary />
</deployment>