<step title="Incoming Request" date="2025-11-25T18:43:17.717" instance="511928" url="/api/zipdeploy?isAsync=true" method="POST" type="request" pid="768,1,7" Accept="*/*" Host="pdf-tools-api-65718.scm.azurewebsites.net" User-Agent="AZURECLI/2.80.0 (MSI)" Accept-Encoding="gzip, deflate" Authorization="Bea..." Cache-Control="no-cache" Content-Type="application/octet-stream" Content-Length="1326235" x-ms-client-request-id="78c0d510-ca2e-11f0-b191-588a5a3cfd5e" x-ms-artifact-checksum="d6da382efc4544dfc4464bf09d11a3b69d81b61d52ce1258c7580a9efcdf07bc" X-ARR-LOG-ID="78c0d510-ca2e-11f0-b191-588a5a3cfd5e" CLIENT-IP="137.59.147.248:59141" X-SITE-DEPLOYMENT-ID="pdf-tools-api-65718" WAS-DEFAULT-HOSTNAME="pdf-tools-api-65718.scm.azurewebsites.net" X-Forwarded-Proto="https" X-AppService-Proto="https" X-Forwarded-TlsVersion="1.3" X-WAWS-Unencoded-URL="/api/zipdeploy?isAsync=true" X-Client-IP="137.59.147.248" X-Client-Port="59141" >
  <step title="ZipPushDeploy" date="2025-11-25T18:43:18.137" >
    <step title="ZipDeploy. Extract zip. Remote build." date="2025-11-25T18:43:18.143" /><!-- duration: 3ms -->
    <step title="None repository commit" date="2025-11-25T18:43:18.150" >
      <step title="Commit id: 1f08eabe-1706-4740-9de5-5a10dacfe700" date="2025-11-25T18:43:18.153" Message="N/A" AuthorName="N/A" AuthorEmail="N/A" /><!-- duration: 3ms -->
    </step><!-- duration: 7ms -->
    <step title="Starting PushDeployAsync" date="2025-11-25T18:43:18.160" /><!-- duration: 2ms -->
    <step title="Writing artifact to /tmp/zipdeploy/5b3594ad-63c4-4fd7-9822-33e9aedba0f4.zip" date="2025-11-25T18:43:18.172" >
      <step title="Writing multipart request body to /tmp/zipdeploy/5b3594ad-63c4-4fd7-9822-33e9aedba0f4.zip" date="2025-11-25T18:43:18.177" /><!-- duration: 10ms -->
    </step><!-- duration: 186ms -->
    <step title="Removing previous build artifact&apos;s manifest file" date="2025-11-25T18:43:18.362" >
      <step title="Start deployment in the background" date="2025-11-25T18:43:18.372" >
        <step title="Acquiring Deployment Lock" date="2025-11-25T18:43:18.397" /><!-- duration: 3ms -->
        <step title="Acquired Deployment Lock" date="2025-11-25T18:43:18.442" /><!-- duration: 2ms -->
      </step><!-- duration: 223ms -->
    </step><!-- duration: 240ms -->
    <step title="Outgoing response" date="2025-11-25T18:43:18.614" type="response" statusCode="202" statusText="Accepted" /><!-- duration: 10ms -->
  </step><!-- duration: 489ms -->
