<step title="BackgroundTrace" date="2025-11-25T18:26:30.955" instance="511928" url="/api/zipdeploy" method="POST" >
  <step title="Creating temporary deployment - FetchDeploymentManager" date="2025-11-25T18:26:31.021" /><!-- duration: 2ms -->
  <step title="Creating temporary deployment" date="2025-11-25T18:26:31.027" /><!-- duration: 64ms -->
  <step title="Performing fetch based deployment" date="2025-11-25T18:26:31.133" >
    <step title="Cleaning up temp folders from previous zip deployments and extracting pushed zip file /tmp/zipdeploy/63484423-3c9d-477d-893e-9b4f83fd0681.zip (1.26 MB) to /tmp/zipdeploy/extracted" date="2025-11-25T18:26:32.291" >
      <step title="ChmodRecursive Process exited with total time taken in ms: 58" date="2025-11-25T18:26:32.418" /><!-- duration: 9ms -->
    </step><!-- duration: 139ms -->
    <step title="Deployment timer started" date="2025-11-25T18:26:34.442" >
      <step title="DeploymentManager.Deploy(id:11f9699f-f4b5-4c8e-8612-1a042ecac305)" date="2025-11-25T18:26:34.448" >
        <step title="Collecting changeset information" date="2025-11-25T18:26:34.491" /><!-- duration: 116ms -->
        <step title="Updating submodules" date="2025-11-25T18:26:34.611" /><!-- duration: 1125ms -->
        <step title="Determining deployment builder" date="2025-11-25T18:26:35.981" >
          <step title="Builder is OryxBuilder" date="2025-11-25T18:26:35.997" /><!-- duration: 2ms -->
        </step><!-- duration: 22ms -->
        <step title="PreDeployment: context.CleanOutputPath False" date="2025-11-25T18:26:36.064" >
          <step title="PreDeployment: context.OutputPath /home/site/wwwroot" date="2025-11-25T18:26:36.209" >
            <step title="Building" date="2025-11-25T18:26:36.353" >
              <step title="Executing external process" date="2025-11-25T18:26:36.679" type="process" path="bash" arguments="-c &quot;oryx build /tmp/zipdeploy/extracted -o /home/site/wwwroot --platform python --platform-version 3.11 -p virtualenv_name=antenv --log-file /tmp/build-debug.log  -i /tmp/8de2c502aca5131 --compress-destination-dir | tee /tmp/oryx-build.log ; exit $PIPESTATUS &quot;" /><!-- duration: 148462ms -->
              <step title="Using PythonDeploymentLogParser" date="2025-11-25T18:29:05.560" /><!-- duration: 21ms -->
              <step title="Triggering recycle (preview mode disabled)." date="2025-11-25T18:29:06.677" /><!-- duration: 10ms -->
              <step title="Modified file to trigger a restart of the app container." date="2025-11-25T18:29:06.724" /><!-- duration: 2ms -->
              <step title="Skip function trigger and logicapp sync because function is not enabled." date="2025-11-25T18:29:06.737" /><!-- duration: 11ms -->
            </step><!-- duration: 151123ms -->
          </step><!-- duration: 151270ms -->
          <step title="Cleaning up temp files" date="2025-11-25T18:29:07.481" /><!-- duration: 386ms -->
          <step title="Cleaning up temp files" date="2025-11-25T18:29:07.871" /><!-- duration: 506ms -->
          <step title="Reloading status file with latest updates" date="2025-11-25T18:29:08.419" >
            <step title="WebHooksManager.PublishEventAsync: PostDeployment" date="2025-11-25T18:29:08.422" /><!-- duration: 89ms -->
          </step><!-- duration: 94ms -->
          <step title="Cleaning up temporary deployment - fetch deployment was successful" date="2025-11-25T18:29:08.523" /><!-- duration: 2ms -->
        </step><!-- duration: 152504ms -->
      </step><!-- duration: 154131ms -->
