<step title="BackgroundTrace" date="2025-11-25T18:43:18.377" instance="511928" url="/api/zipdeploy" method="POST" >
  <step title="Creating temporary deployment - FetchDeploymentManager" date="2025-11-25T18:43:18.447" /><!-- duration: 2ms -->
  <step title="Creating temporary deployment" date="2025-11-25T18:43:18.452" /><!-- duration: 140ms -->
  <step title="Performing fetch based deployment" date="2025-11-25T18:43:18.637" >
    <step title="Cleaning up temp folders from previous zip deployments and extracting pushed zip file /tmp/zipdeploy/5b3594ad-63c4-4fd7-9822-33e9aedba0f4.zip (1.26 MB) to /tmp/zipdeploy/extracted" date="2025-11-25T18:43:19.820" >
      <step title="ChmodRecursive Process exited with total time taken in ms: 59" date="2025-11-25T18:43:19.945" /><!-- duration: 20ms -->
    </step><!-- duration: 149ms -->
    <step title="Deployment timer started" date="2025-11-25T18:43:21.981" >
      <step title="DeploymentManager.Deploy(id:1f08eabe-1706-4740-9de5-5a10dacfe700)" date="2025-11-25T18:43:21.986" >
        <step title="Collecting changeset information" date="2025-11-25T18:43:22.025" /><!-- duration: 134ms -->
        <step title="Updating submodules" date="2025-11-25T18:43:22.163" /><!-- duration: 1139ms -->
        <step title="Determining deployment builder" date="2025-11-25T18:43:23.597" >
          <step title="Builder is OryxBuilder" date="2025-11-25T18:43:23.614" /><!-- duration: 3ms -->
        </step><!-- duration: 27ms -->
        <step title="PreDeployment: context.CleanOutputPath False" date="2025-11-25T18:43:23.677" >
          <step title="PreDeployment: context.OutputPath /home/site/wwwroot" date="2025-11-25T18:43:23.809" >
            <step title="Building" date="2025-11-25T18:43:23.957" >
              <step title="Executing external process" date="2025-11-25T18:43:24.271" type="process" path="bash" arguments="-c &quot;oryx build /tmp/zipdeploy/extracted -o /home/site/wwwroot --platform python --platform-version 3.11 -p virtualenv_name=antenv --log-file /tmp/build-debug.log  -i /tmp/8de2c52836182bd --compress-destination-dir | tee /tmp/oryx-build.log ; exit $PIPESTATUS &quot;" /><!-- duration: 133656ms -->
              <step title="Using PythonDeploymentLogParser" date="2025-11-25T18:45:38.323" /><!-- duration: 9ms -->
              <step title="Triggering recycle (preview mode disabled)." date="2025-11-25T18:45:39.518" /><!-- duration: 7ms -->
              <step title="Modified file to trigger a restart of the app container." date="2025-11-25T18:45:39.554" /><!-- duration: 3ms -->
              <step title="Skip function trigger and logicapp sync because function is not enabled." date="2025-11-25T18:45:39.576" /><!-- duration: 3ms -->
            </step><!-- duration: 136487ms -->
          </step><!-- duration: 136641ms -->
          <step title="Cleaning up temp files" date="2025-11-25T18:45:40.453" /><!-- duration: 453ms -->
          <step title="Cleaning up temp files" date="2025-11-25T18:45:40.910" /><!-- duration: 505ms -->
          <step title="Reloading status file with latest updates" date="2025-11-25T18:45:41.470" >
            <step title="WebHooksManager.PublishEventAsync: PostDeployment" date="2025-11-25T18:45:41.474" /><!-- duration: 96ms -->
          </step><!-- duration: 102ms -->
          <step title="Cleaning up temporary deployment - fetch deployment was successful" date="2025-11-25T18:45:41.578" /><!-- duration: 2ms -->
        </step><!-- duration: 137942ms -->
      </step><!-- duration: 139645ms -->
