<step title="Incoming Request" date="2025-11-25T18:18:35.645" instance="511928" url="/api/zipdeploy?isAsync=true" method="POST" type="request" pid="768,1,7" Accept="*/*" Host="pdf-tools-api-65718.scm.azurewebsites.net" User-Agent="AZURECLI/2.80.0 (MSI)" Accept-Encoding="gzip, deflate" Authorization="Bea..." Cache-Control="no-cache" Content-Type="application/octet-stream" Content-Length="1326066" x-ms-client-request-id="13723d7b-ca2b-11f0-84d3-588a5a3cfd5e" x-ms-artifact-checksum="52147ba92627c717a71e4e23f55efbe087352fe0e4396bddaa5d448772cf2828" X-ARR-LOG-ID="13723d7b-ca2b-11f0-84d3-588a5a3cfd5e" CLIENT-IP="137.59.147.248:60052" X-SITE-DEPLOYMENT-ID="pdf-tools-api-65718" WAS-DEFAULT-HOSTNAME="pdf-tools-api-65718.scm.azurewebsites.net" X-Forwarded-Proto="https" X-AppService-Proto="https" X-Forwarded-TlsVersion="1.3" X-WAWS-Unencoded-URL="/api/zipdeploy?isAsync=true" X-Client-IP="137.59.147.248" X-Client-Port="60052" >
  <step title="ZipPushDeploy" date="2025-11-25T18:18:36.576" >
    <step title="ZipDeploy. Extract zip. Remote build." date="2025-11-25T18:18:36.582" /><!-- duration: 5ms -->
    <step title="None repository commit" date="2025-11-25T18:18:36.592" >
      <step title="Commit id: 48e13a7d-0ba5-460f-8332-e1f251b1410a" date="2025-11-25T18:18:36.594" Message="N/A" AuthorName="N/A" AuthorEmail="N/A" /><!-- duration: 2ms -->
    </step><!-- duration: 7ms -->
    <step title="Starting PushDeployAsync" date="2025-11-25T18:18:36.601" /><!-- duration: 3ms -->
    <step title="Writing artifact to /tmp/zipdeploy/98f681c4-159d-4ced-b6d1-271892fb5a29.zip" date="2025-11-25T18:18:36.613" >
      <step title="Writing multipart request body to /tmp/zipdeploy/98f681c4-159d-4ced-b6d1-271892fb5a29.zip" date="2025-11-25T18:18:36.616" /><!-- duration: 8ms -->
    </step><!-- duration: 134ms -->
    <step title="Start deployment in the background" date="2025-11-25T18:18:36.794" >
      <step title="Acquiring Deployment Lock" date="2025-11-25T18:18:36.847" /><!-- duration: 10ms -->
      <step title="Acquired Deployment Lock" date="2025-11-25T18:18:36.905" /><!-- duration: 9ms -->
    </step><!-- duration: 274ms -->
  </step><!-- duration: 511ms -->
  <step title="Outgoing response" date="2025-11-25T18:18:37.135" type="response" statusCode="202" statusText="Accepted" /><!-- duration: 12ms -->
</step><!-- duration: 1512ms -->
