<step title="BackgroundTrace" date="2025-11-25T18:18:36.805" instance="511928" url="/api/zipdeploy" method="POST" >
  <step title="Creating temporary deployment - FetchDeploymentManager" date="2025-11-25T18:18:36.924" /><!-- duration: 11ms -->
  <step title="Creating temporary deployment" date="2025-11-25T18:18:36.948" /><!-- duration: 117ms -->
  <step title="Performing fetch based deployment" date="2025-11-25T18:18:37.179" >
    <step title="Cleaning up temp folders from previous zip deployments and extracting pushed zip file /tmp/zipdeploy/98f681c4-159d-4ced-b6d1-271892fb5a29.zip (1.26 MB) to /tmp/zipdeploy/extracted" date="2025-11-25T18:18:38.390" >
      <step title="ChmodRecursive Process exited with total time taken in ms: 90" date="2025-11-25T18:18:38.534" /><!-- duration: 18ms -->
    </step><!-- duration: 173ms -->
    <step title="Deployment timer started" date="2025-11-25T18:18:40.570" >
      <step title="DeploymentManager.Deploy(id:48e13a7d-0ba5-460f-8332-e1f251b1410a)" date="2025-11-25T18:18:40.574" >
        <step title="Collecting changeset information" date="2025-11-25T18:18:40.583" /><!-- duration: 73ms -->
        <step title="Updating submodules" date="2025-11-25T18:18:40.661" /><!-- duration: 1111ms -->
        <step title="Determining deployment builder" date="2025-11-25T18:18:42.037" >
          <step title="Builder is OryxBuilder" date="2025-11-25T18:18:42.044" /><!-- duration: 2ms -->
        </step><!-- duration: 12ms -->
        <step title="PreDeployment: context.CleanOutputPath False" date="2025-11-25T18:18:42.107" >
          <step title="PreDeployment: context.OutputPath /home/site/wwwroot" date="2025-11-25T18:18:42.257" >
            <step title="Building" date="2025-11-25T18:18:42.398" >
              <step title="Executing external process" date="2025-11-25T18:18:42.667" type="process" path="bash" arguments="-c &quot;oryx build /tmp/zipdeploy/extracted -o /home/site/wwwroot --platform python --platform-version 3.11 -p virtualenv_name=antenv --log-file /tmp/build-debug.log  -i /tmp/8de2c4f104a1b32 --compress-destination-dir | tee /tmp/oryx-build.log ; exit $PIPESTATUS &quot;" /><!-- duration: 131850ms -->
              <step title="Using PythonDeploymentLogParser" date="2025-11-25T18:20:54.878" /><!-- duration: 10ms -->
              <step title="Triggering recycle (preview mode disabled)." date="2025-11-25T18:20:56.008" /><!-- duration: 9ms -->
              <step title="Modified file to trigger a restart of the app container." date="2025-11-25T18:20:56.055" /><!-- duration: 2ms -->
              <step title="Skip function trigger and logicapp sync because function is not enabled." date="2025-11-25T18:20:56.069" /><!-- duration: 10ms -->
            </step><!-- duration: 134382ms -->
          </step><!-- duration: 134526ms -->
          <step title="Cleaning up temp files" date="2025-11-25T18:20:56.786" /><!-- duration: 357ms -->
          <step title="Cleaning up temp files" date="2025-11-25T18:20:57.152" /><!-- duration: 504ms -->
          <step title="Reloading status file with latest updates" date="2025-11-25T18:20:57.690" >
            <step title="WebHooksManager.PublishEventAsync: PostDeployment" date="2025-11-25T18:20:57.692" /><!-- duration: 69ms -->
          </step><!-- duration: 75ms -->
          <step title="Cleaning up temporary deployment - fetch deployment was successful" date="2025-11-25T18:20:57.769" /><!-- duration: 2ms -->
        </step><!-- duration: 135721ms -->
      </step><!-- duration: 137266ms -->
