<step title="Incoming Request" date="2025-11-25T18:26:30.319" instance="511928" url="/api/zipdeploy?isAsync=true" method="POST" type="request" pid="768,1,7" Accept="*/*" Host="pdf-tools-api-65718.scm.azurewebsites.net" User-Agent="AZURECLI/2.80.0 (MSI)" Accept-Encoding="gzip, deflate" Authorization="Bea..." Cache-Control="no-cache" Content-Type="application/octet-stream" Content-Length="1326076" x-ms-client-request-id="31a44ef5-ca2c-11f0-9069-588a5a3cfd5e" x-ms-artifact-checksum="af978b3fb1cab616a653a91357faedbb71dffcfcff11894e0b897a6e7342419e" X-ARR-LOG-ID="31a44ef5-ca2c-11f0-9069-588a5a3cfd5e" CLIENT-IP="137.59.147.248:59037" X-SITE-DEPLOYMENT-ID="pdf-tools-api-65718" WAS-DEFAULT-HOSTNAME="pdf-tools-api-65718.scm.azurewebsites.net" X-Forwarded-Proto="https" X-AppService-Proto="https" X-Forwarded-TlsVersion="1.3" X-WAWS-Unencoded-URL="/api/zipdeploy?isAsync=true" X-Client-IP="137.59.147.248" X-Client-Port="59037" >
  <step title="ZipPushDeploy" date="2025-11-25T18:26:30.749" >
    <step title="ZipDeploy. Extract zip. Remote build." date="2025-11-25T18:26:30.754" /><!-- duration: 3ms -->
    <step title="None repository commit" date="2025-11-25T18:26:30.762" >
      <step title="Commit id: 11f9699f-f4b5-4c8e-8612-1a042ecac305" date="2025-11-25T18:26:30.764" Message="N/A" AuthorName="N/A" AuthorEmail="N/A" /><!-- duration: 2ms -->
    </step><!-- duration: 7ms -->
    <step title="Starting PushDeployAsync" date="2025-11-25T18:26:30.771" /><!-- duration: 3ms -->
    <step title="Writing artifact to /tmp/zipdeploy/63484423-3c9d-477d-893e-9b4f83fd0681.zip" date="2025-11-25T18:26:30.783" >
      <step title="Writing multipart request body to /tmp/zipdeploy/63484423-3c9d-477d-893e-9b4f83fd0681.zip" date="2025-11-25T18:26:30.789" /><!-- duration: 3ms -->
    </step><!-- duration: 128ms -->
    <step title="Removing previous build artifact&apos;s manifest file" date="2025-11-25T18:26:30.930" >
      <step title="Start deployment in the background" date="2025-11-25T18:26:30.952" >
        <step title="Acquiring Deployment Lock" date="2025-11-25T18:26:30.971" /><!-- duration: 10ms -->
        <step title="Acquired Deployment Lock" date="2025-11-25T18:26:31.016" /><!-- duration: 2ms -->
      </step><!-- duration: 142ms -->
    </step><!-- duration: 169ms -->
    <step title="Outgoing response" date="2025-11-25T18:26:31.112" type="response" statusCode="202" statusText="Accepted" /><!-- duration: 2ms -->
  </step><!-- duration: 372ms -->
