﻿<?xml version="1.0" encoding="utf-8"?>
<deployment>
  <id>48e13a7d-0ba5-460f-8332-e1f251b1410a</id>
  <author>N/A</author>
  <deployer>Push-Deployer</deployer>
  <authorEmail>N/A</authorEmail>
  <message>Created via a push deployment</message>
  <progress></progress>
  <status>Success</status>
  <statusText></statusText>
  <lastSuccessEndTime>2025-11-25T18:20:56.4411735Z</lastSuccessEndTime>
  <receivedTime>2025-11-25T18:18:40.6045302Z</receivedTime>
  <startTime>2025-11-25T18:18:41.9228198Z</startTime>
  <endTime>2025-11-25T18:20:56.4411735Z</endTime>
  <complete>True</complete>
  <is_temp>False</is_temp>
  <is_readonly>True</is_readonly>
  <buildSummary />
</deployment>