﻿<?xml version="1.0" encoding="utf-8"?>
<deployment>
  <id>6303a9ce-9dc9-46cb-846c-706f8de833f7</id>
  <author>N/A</author>
  <deployer>Push-Deployer</deployer>
  <authorEmail>N/A</authorEmail>
  <message>Created via a push deployment</message>
  <progress></progress>
  <status>Failed</status>
  <statusText>Deployment has been stopped due to SCM container restart. The restart can happen due to a management operation on site. Do not perform a management operation and a deployment operation in quick succession. Adding a small delay can help avoid any conflicts.</statusText>
  <lastSuccessEndTime />
  <receivedTime>2025-11-25T19:06:46.9520472Z</receivedTime>
  <startTime>2025-11-25T19:06:48.4707096Z</startTime>
  <endTime>2025-11-25T19:14:53.5555686Z</endTime>
  <complete>True</complete>
  <is_temp>False</is_temp>
  <is_readonly>True</is_readonly>
  <buildSummary />
</deployment>