<step title="BackgroundTrace" date="2025-11-25T19:06:42.354" instance="4ebe23" url="/api/zipdeploy" method="POST" >
  <step title="Creating temporary deployment - FetchDeploymentManager" date="2025-11-25T19:06:42.673" /><!-- duration: 4ms -->
  <step title="Creating temporary deployment" date="2025-11-25T19:06:42.682" /><!-- duration: 157ms -->
  <step title="Performing fetch based deployment" date="2025-11-25T19:06:43.123" >
    <step title="Cleaning up temp folders from previous zip deployments and extracting pushed zip file /tmp/zipdeploy/b5755ac0-1dfa-4de2-a80b-f606517d98cb.zip (6.49 MB) to /tmp/zipdeploy/extracted" date="2025-11-25T19:06:44.483" >
      <step title="ChmodRecursive Process exited with total time taken in ms: 181" date="2025-11-25T19:06:44.830" /><!-- duration: 17ms -->
    </step><!-- duration: 375ms -->
    <step title="Deployment timer started" date="2025-11-25T19:06:46.873" >
      <step title="DeploymentManager.Deploy(id:6303a9ce-9dc9-46cb-846c-706f8de833f7)" date="2025-11-25T19:06:46.883" >
        <step title="Collecting changeset information" date="2025-11-25T19:06:46.899" /><!-- duration: 174ms -->
        <step title="Updating submodules" date="2025-11-25T19:06:47.082" /><!-- duration: 1172ms -->
        <step title="Determining deployment builder" date="2025-11-25T19:06:48.579" >
          <step title="Builder is OryxBuilder" date="2025-11-25T19:06:48.605" /><!-- duration: 4ms -->
        </step><!-- duration: 36ms -->
        <step title="PreDeployment: context.CleanOutputPath False" date="2025-11-25T19:06:48.707" >
          <step title="PreDeployment: context.OutputPath /home/site/wwwroot" date="2025-11-25T19:06:48.897" >
            <step title="Building" date="2025-11-25T19:06:49.286" >
              <step title="Executing external process" date="2025-11-25T19:06:49.666" type="process" path="bash" arguments="-c &quot;oryx build /tmp/zipdeploy/extracted -o /home/site/wwwroot --platform python --platform-version 3.11 -p virtualenv_name=antenv --log-file /tmp/build-debug.log  -i /tmp/8de2c55c8d21b76 --compress-destination-dir | tee /tmp/oryx-build.log ; exit $PIPESTATUS &quot;" >
                <step title="Cpu: python(933,18.050s)+ts(934,0.180s)+build.sh(932,0.000s)+build.sh(931,0.000s)+build.sh(823,0.120s)+oryx(799,7.210s)+tee(800,0.000s)+bash(798,0.000s)=total(25.540s)" date="2025-11-25T19:09:38.175" /><!-- duration: 79ms -->
                <step title="bash: no io activity for 60s, prev-cpu=-1.000s, current-cpu=25.540s" date="2025-11-25T19:09:38.739" /><!-- duration: 210ms -->
                <step title="Cpu: python(933,36.870s)+ts(934,0.210s)+build.sh(932,0.000s)+build.sh(931,0.000s)+build.sh(823,0.130s)+oryx(799,7.280s)+tee(800,0.000s)+bash(798,0.000s)=total(44.480s)" date="2025-11-25T19:10:39.896" /><!-- duration: 19ms -->
                <step title="bash: no io activity for 126s, prev-cpu=25.540s, current-cpu=44.480s" date="2025-11-25T19:10:40.037" /><!-- duration: 18ms -->
